{"train_loss": 0.31235760315418076, "val_loss": 0.32017845381684856, "val_auc": 0.8555277070096082, "epoch": 3, "_timestamp": 1660759700.5891085, "_runtime": 5015.795915365219, "_step": 2, "_wandb": {"runtime": 5015}}