{"train_loss": 0.07974321365877986, "val_loss": 0.5485450740726221, "val_auc": 0.7450189269442619, "epoch": 5, "_timestamp": 1660595867.1229703, "_runtime": 847.3894402980804, "_step": 4, "_wandb": {"runtime": 847}}