{"train_loss": 0.01649228021472929, "val_loss": 0.006537954677783307, "val_auc": 1.0, "epoch": 5, "_timestamp": 1660585701.0054808, "_runtime": 118.69924283027649, "_step": 4, "_wandb": {"runtime": 118}}