{"train_loss": 0.4279680462943137, "val_loss": 0.4367255611001104, "val_auc": 0.8736076097822705, "epoch": 3, "_timestamp": 1660683752.0944564, "_runtime": 5109.64523935318, "_step": 2, "_wandb": {"runtime": 5109}}