{"train_loss": 0.04290181802172176, "val_loss": 0.07630861983181535, "val_accuracy": 0.9735878705978394, "_timestamp": 1660754176.4419296, "_runtime": 1749.6106736660004, "_step": 2, "_wandb": {"runtime": 1749}}