{"train_loss": 0.42760050272979677, "val_loss": 0.45231894131690736, "val_auc": 0.5791758750980253, "epoch": 4, "_timestamp": 1660622082.5381565, "_runtime": 358.2939496040344, "_step": 3}