{"train_loss": 0.38641609159065693, "val_loss": 0.4322212481688979, "val_auc": 0.6632090813807185, "epoch": 5, "_timestamp": 1660672464.5130048, "_runtime": 9372.913380861282, "_step": 4, "_wandb": {"runtime": 9372}}