{"train_loss": 0.3705482063505725, "val_loss": 0.4923406795661304, "val_auc": 0.8064774047761527, "epoch": 5, "_timestamp": 1660614470.16268, "_runtime": 8653.162279844284, "_step": 4, "_wandb": {"runtime": 8655}}