{"train_loss": 0.21959365759597615, "val_loss": 0.23430477907945707, "val_auc": 0.7094967894151226, "epoch": 5, "_timestamp": 1660594438.5117676, "_runtime": 8680.348727703094, "_step": 4, "_wandb": {"runtime": 8679}}