{"train_loss": 0.04641308064386249, "val_loss": 0.6139950215343445, "val_auc": 0.6142774584530801, "epoch": 5, "_timestamp": 1660622787.6618469, "_runtime": 199.74089980125427, "_step": 4, "_wandb": {"runtime": 198}}