{"train_loss": 0.39776052937152906, "val_loss": 0.404997030734782, "val_auc": 0.6856657294157009, "epoch": 4, "_timestamp": 1660621577.5796235, "_runtime": 6940.166016578674, "_step": 3}