{"train_loss": 15.15, "val_loss": 15.235260796925377, "val_auc": 0.5, "epoch": 3, "_timestamp": 1660622556.925159, "_runtime": 121.40186190605164, "_step": 2}