{"val_accuracy": 0.977118194103241, "_timestamp": 1660578902.376433, "_runtime": 2707.7981917858124, "_step": 4, "_wandb": {"runtime": 2707}}