{"train_loss": 0.24357511264675918, "val_loss": 0.26979860882813866, "val_auc": 0.8596058343747305, "epoch": 4, "_timestamp": 1660604026.4951096, "_runtime": 6945.311131477356, "_step": 3}