{"val_accuracy": 0.9786872267723083, "_timestamp": 1660584312.6859, "_runtime": 1631.6908390522003, "_step": 2, "_wandb": {"runtime": 1631}}